{
	"skins": {
		"eui.Button": "resource/eui_skins/ButtonSkin.exml",
		"eui.CheckBox": "resource/eui_skins/CheckBoxSkin.exml",
		"eui.HScrollBar": "resource/eui_skins/HScrollBarSkin.exml",
		"eui.HSlider": "resource/eui_skins/HSliderSkin.exml",
		"eui.Panel": "resource/eui_skins/PanelSkin.exml",
		"eui.TextInput": "resource/eui_skins/TextInputSkin.exml",
		"eui.ProgressBar": "resource/eui_skins/ProgressBarSkin.exml",
		"eui.RadioButton": "resource/eui_skins/RadioButtonSkin.exml",
		"eui.Scroller": "resource/eui_skins/ScrollerSkin.exml",
		"eui.ToggleSwitch": "resource/eui_skins/ToggleSwitchSkin.exml",
		"eui.VScrollBar": "resource/eui_skins/VScrollBarSkin.exml",
		"eui.VSlider": "resource/eui_skins/VSliderSkin.exml",
		"eui.ItemRenderer": "resource/eui_skins/ItemRendererSkin.exml",
		"eyeangle2.CStartingCharAni": "resource/skins/components/common/startingCharAni.exml",
		"eyeangle2.CAlertPanel": "resource/skins/components/common/alertPanelSkin.exml",
		"eyeangle2.CAngleInputter": "resource/skins/components/Eyeangle/angleInputterSkin.exml",
		"eyeangle2.CBalloonTip": "resource/skins/components/common/balloonTipSkin.exml",
		"eyeangle2.CBottomArea": "resource/skins/scenes/Eyeangle/partials/bottomAreaAngleSkin.exml",
		"eyeangle2.CCaliDlg": "resource/skins/components/common/caliDlgSkin.exml",
		"eyeangle2.CCloseBtn": "resource/skins/components/common/closeBtnSkin.exml",
		"eyeangle2.CCmpAngleDlg": "resource/skins/components/Eyeangle/cmpAngleDlgSkin.exml",
		"eyeangle2.CConfirmPanel": "resource/skins/components/common/confirmPanelSkin.exml",
		"eyeangle2.CFinalScoreDlg": "resource/skins/components/common/finalScoreDlgSkin.exml",
		"eyeangle2.CMidArea": "resource/skins/scenes/Eyeangle/partials/midAreaAngleSkin.exml",
		"eyeangle2.CEyeanglePraScene": "resource/skins/scenes/Eyeangle/praSceneAngleSkin.exml",
		"eyeangle2.CPreloaderUI": "resource/skins/components/common/preloaderUISkin.exml",
		"eyeangle2.CCopyrightPanel": "resource/skins/components/common/copyrightPanelSkin.exml",
		"eyeangle2.CCopyrightPanel_V2": "resource/skins/components/common/copyrightPanelSkin_V2.exml",
		"eyeangle2.CHelpPanel": "resource/skins/components/common/helpPanelSkin.exml",
		"eyeangle2.CThumbUI": "resource/skins/components/common/thumbUISkin.exml",
		"eyeangle2.CProgressView": "resource/skins/components/common/progressViewSkin.exml",
		"eyeangle2.CScoreView": "resource/skins/components/common/scoreViewSkin.exml",
		"eyeangle2.CTopArea": "resource/skins/scenes/Eyeangle/partials/topAreaAngleSkin.exml",
		"eyeangle2.CWelcomeScene_Eyeangle2_V2": "resource/skins/scenes/Eyeangle/welcomeSceneAngleSkin_V2.exml",
		"eyeangle2.CUserProPanel": "resource/skins/components/common/userProPanelSkin.exml",
		"eyeangle2.CPrivacyPolicyPanel": "resource/skins/components/common/privacyPolicyPanelSkin.exml",
		"eyeangle2.CCpyTextPanel": "resource/skins/components/common/cpyTextPanelSkin.exml",
		"eyeangle2.CHorverCheckPanel": "resource/skins/components/common/horverCheckPanelSkin.exml"
	},
	"autoGenerateExmlsList": true,
	"exmls": [
		"resource/eui_skins/ButtonSkin.exml",
		"resource/eui_skins/CheckBoxSkin.exml",
		"resource/eui_skins/HScrollBarSkin.exml",
		"resource/eui_skins/HSliderSkin.exml",
		"resource/eui_skins/ItemRendererSkin.exml",
		"resource/eui_skins/PanelSkin.exml",
		"resource/eui_skins/ProgressBarSkin.exml",
		"resource/eui_skins/RadioButtonSkin.exml",
		"resource/eui_skins/ScrollerSkin.exml",
		"resource/eui_skins/TextInputSkin.exml",
		"resource/eui_skins/ToggleSwitchSkin.exml",
		"resource/eui_skins/VScrollBarSkin.exml",
		"resource/eui_skins/VSliderSkin.exml",
		"resource/skins/components/common/alertPanelSkin.exml",
		"resource/skins/components/common/balloonTipSkin.exml",
		"resource/skins/components/common/caliDlgSkin.exml",
		"resource/skins/components/common/closeBtnSkin.exml",
		"resource/skins/components/common/yesBtnSkin.exml",
		"resource/skins/components/common/noBtnSkin.exml",
		"resource/skins/components/common/confirmPanelSkin.exml",
		"resource/skins/components/common/copyrightPanelSkin_V2.exml",
		"resource/skins/components/common/copyrightPanelSkin.exml",
		"resource/skins/components/common/cpyTextPanelSkin.exml",
		"resource/skins/components/common/replayButtonSkin.exml",
		"resource/skins/components/common/finalScoreDlgSkin.exml",
		"resource/skins/components/common/helpPanelSkin.exml",
		"resource/skins/components/common/horverCheckPanelSkin.exml",
		"resource/skins/components/common/preloaderUISkin.exml",
		"resource/skins/components/common/privacyPolicyPanelSkin.exml",
		"resource/skins/components/common/progressViewSkin.exml",
		"resource/skins/components/common/scoreViewSkin.exml",
		"resource/skins/components/common/startingCharAni.exml",
		"resource/skins/components/common/thumbUISkin.exml",
		"resource/skins/components/common/userProPanelSkin.exml",
		"resource/skins/components/Eyeangle/angleInputterSkin.exml",
		"resource/skins/components/Eyeangle/cmpAngleDlgSkin.exml",
		"resource/skins/scenes/Eyeangle/partials/bottomAreaAngleSkin.exml",
		"resource/skins/scenes/Eyeangle/partials/midAreaAngleSkin.exml",
		"resource/skins/scenes/Eyeangle/partials/topAreaAngleSkin.exml",
		"resource/skins/scenes/Eyeangle/praSceneAngleSkin.exml",
		"resource/skins/scenes/Eyeangle/welcomeSceneAngleSkin_V2.exml"
	],
	"path": "resource/default.thm.json"
}