{
  "pics": {
    "pic": {
      "imgPath": "img_005.gif",
      "angles": {
        "angle": [
          {
            "vertex": {
              "x": "220",
              "y": "122"
            },
            "edge1Angle": "320",
            "edge1Len": "100",
            "angleValue": "65"
          },
          {
            "vertex": {
              "x": "400",
              "y": "400"
            },
            "edge1Angle": "250",
            "edge1Len": "100",
            "angleValue": "100"
          },
          {
            "vertex": {
              "x": "350",
              "y": "200"
            },
            "edge1Angle": "100",
            "edge1Len": "120",
            "angleValue": "160"
          }
        ]
      }
    }
  }
}